{
    "floors": [
        {
            "x": 10,
            "y": -1.3,
            "z": 0
        },
        {
            "x": 0,
            "y": -0.2,
            "z": 0
        },
        {
            "x": 2,
            "y": 0,
            "z": 0
        },
        {
            "x": 15,
            "y": 0,
            "z": 0
        },
        {
            "x": 17,
            "y": -0.5,
            "z": 0
        }
    ],
    "potions": [
        {
            "x": 10,
            "y": 0,
            "z": 0
        },
        {
            "x": 2.75,
            "y": 0.5,
            "z": 0
        },
        {
            "x": 10,
            "y": 0,
            "z": 0
        }
    ],
    "enemies": [
        {
            "x": 2,
            "y": 0.5,
            "z": 0
        },
        {
            "x": 4,
            "y": 0.25,
            "z": 0
        },
        {
            "x": 15,
            "y": 0.5,
            "z": 0
        },
        {
            "x": 7,
            "y": -0.50,
            "z": 0
        }
    ]
}